{
  "parent": "skyblock:challenges/root",
  "rewards": {
    "function": "skyblock:advancement_rewards/bolt_armor_trim_smithing_template"
  },
  "display": {
    "icon": {
      "id": "minecraft:trident"
    },
    "title": {
      "translate": "Lightning Conqueror"
    },
    "description": {
      "translate": "Zap those zapped mobs! Use your channeling trident to take down creepers, guardians, mooshrooms, piglins, and witches during a thunderstorm"
    },
    "frame": "challenge"
  },
  "criteria": {
    "lightning_creeper": {
      "trigger": "minecraft:player_killed_entity",
      "conditions": {
        "player": [
          {
            "condition": "minecraft:entity_properties",
            "entity": "this",
            "predicate": {
              "equipment": {
                "mainhand": {
                  "items": "minecraft:trident",
                  "predicates": {
                    "minecraft:enchantments": [
                      {
                        "enchantments": "minecraft:channeling"
                      }
                    ]
                  }
                }
              }
            }
          },
          {
            "condition": "minecraft:weather_check",
            "raining": true,
            "thundering": true
          }
        ],
        "entity": {
          "type": "minecraft:creeper",
          "nbt": "{powered:1b}"
        }
      }
    },
    "lightning_guardian": {
      "trigger": "minecraft:player_killed_entity",
      "conditions": {
        "player": [
          {
            "condition": "minecraft:entity_properties",
            "entity": "this",
            "predicate": {
              "equipment": {
                "mainhand": {
                  "items": "minecraft:trident",
                  "predicates": {
                    "minecraft:enchantments": [
                      {
                        "enchantments": "minecraft:channeling"
                      }
                    ]
                  }
                }
              }
            }
          },
          {
            "condition": "minecraft:weather_check",
            "raining": true,
            "thundering": true
          }
        ],
        "entity": {
          "type": "minecraft:elder_guardian"
        }
      }
    },
    "lightning_mooshroom": {
      "trigger": "minecraft:player_killed_entity",
      "conditions": {
        "player": [
          {
            "condition": "minecraft:entity_properties",
            "entity": "this",
            "predicate": {
              "equipment": {
                "mainhand": {
                  "items": "minecraft:trident",
                  "predicates": {
                    "minecraft:enchantments": [
                      {
                        "enchantments": "minecraft:channeling"
                      }
                    ]
                  }
                }
              }
            }
          },
          {
            "condition": "minecraft:weather_check",
            "raining": true,
            "thundering": true
          }
        ],
        "entity": {
          "type": "minecraft:mooshroom",
          "nbt": "{Type:\"brown\"}"
        }
      }
    },
    "lightning_pig": {
      "trigger": "minecraft:player_killed_entity",
      "conditions": {
        "player": [
          {
            "condition": "minecraft:entity_properties",
            "entity": "this",
            "predicate": {
              "equipment": {
                "mainhand": {
                  "items": "minecraft:trident",
                  "predicates": {
                    "minecraft:enchantments": [
                      {
                        "enchantments": "minecraft:channeling"
                      }
                    ]
                  }
                }
              }
            }
          },
          {
            "condition": "minecraft:weather_check",
            "raining": true,
            "thundering": true
          }
        ],
        "entity": {
          "type": "minecraft:zombified_piglin"
        }
      }
    },
    "lightning_villager": {
      "trigger": "minecraft:player_killed_entity",
      "conditions": {
        "player": [
          {
            "condition": "minecraft:entity_properties",
            "entity": "this",
            "predicate": {
              "equipment": {
                "mainhand": {
                  "items": "minecraft:trident",
                  "predicates": {
                    "minecraft:enchantments": [
                      {
                        "enchantments": "minecraft:channeling"
                      }
                    ]
                  }
                }
              }
            }
          },
          {
            "condition": "minecraft:weather_check",
            "raining": true,
            "thundering": true
          }
        ],
        "entity": {
          "type": "minecraft:witch"
        }
      }
    }
  }
}
