{
  "parent": "skyblock:challenges/root",
  "rewards": {
    "function": "skyblock:advancement_rewards/flow_armor_trim_smithing_template"
  },
  "display": {
    "icon": {
      "id": "minecraft:conduit"
    },
    "title": {
      "translate": "Harnessing the Flow"
    },
    "description": {
      "translate": "Use a riptide trident under the influence of a conduit during rain."
    },
    "frame": "challenge"
  },
  "criteria": {
    "riptide_conduit": {
      "trigger": "minecraft:using_item",
      "conditions": {
        "player": [
          {
            "condition": "minecraft:weather_check",
            "raining": true
          },
          {
            "condition": "minecraft:entity_properties",
            "entity": "this",
            "predicate": {
              "equipment": {
                "mainhand": {
                  "items": "minecraft:trident",
                  "predicates": {
                    "minecraft:enchantments": [
                      {
                        "enchantments": "minecraft:riptide",
                        "levels": {
                          "min": 1,
                          "max": 3
                        }
                      }
                    ]
                  }
                }
              },
              "effects": {
                "minecraft:conduit_power": {
                  "amplifier": 0
                }
              }
            }
          }
        ]
      }
    }
  }
}
