{
  "display": {
    "icon": {
      "id": "minecraft:netherite_chestplate",
      "components": {
        "minecraft:enchantments": {
          "minecraft:protection": 4
        }
      }
    },
    "title": {
      "translate": "Resistance Isn't Futile"
    },
    "description": {
      "translate": "Get Hit by a Warden While Maximally Protected"
    },
    "frame": "challenge"
  },
  "parent": "skyblock:challenges/root",
  "criteria": {
    "warden_hit": {
      "trigger": "minecraft:entity_hurt_player",
      "conditions": {
        "player": [
          {
            "condition": "minecraft:entity_properties",
            "entity": "this",
            "predicate": {
              "equipment": {
                "head": {
                  "items": [
                    "minecraft:netherite_helmet"
                  ],
                  "predicates": {
                    "minecraft:enchantments": [
                      {
                        "enchantments": "minecraft:protection",
                        "levels": 4
                      }
                    ]
                  }
                },
                "chest": {
                  "items": [
                    "minecraft:netherite_chestplate"
                  ],
                  "predicates": {
                    "minecraft:enchantments": [
                      {
                        "enchantments": "minecraft:protection",
                        "levels": 4
                      }
                    ]
                  }
                },
                "legs": {
                  "items": [
                    "minecraft:netherite_leggings"
                  ],
                  "predicates": {
                    "minecraft:enchantments": [
                      {
                        "enchantments": "minecraft:protection",
                        "levels": 4
                      }
                    ]
                  }
                },
                "feet": {
                  "items": [
                    "minecraft:netherite_boots"
                  ],
                  "predicates": {
                    "minecraft:enchantments": [
                      {
                        "enchantments": "minecraft:protection",
                        "levels": 4
                      }
                    ]
                  }
                }
              },
              "effects": {
                "minecraft:resistance": {
                  "amplifier": {
                    "min": 3
                  }
                }
              }
            }
          }
        ],
        "damage": {
          "source_entity": {
            "type": "minecraft:warden"
          }
        }
      }
    }
  },
  "rewards": {
    "function": "skyblock:advancement_rewards/ward_armor_trim_smithing_template"
  }
}