{
  "parent": "skyblock:progression/generate_suspicious_loot_table",
  "display": {
    "icon": {
      "id": "minecraft:wayfinder_armor_trim_smithing_template"
    },
    "title": "Master Archaeologist",
    "description": "Excavate all items exclusively available through archaology",
    "frame": "challenge"
  },
  "criteria": {
    "angler_pottery_sherd": {
      "trigger": "minecraft:inventory_changed",
      "conditions": {
        "items": [
          {
            "items": "minecraft:angler_pottery_sherd"
          }
        ]
      }
    },
    "archer_pottery_sherd": {
      "trigger": "minecraft:inventory_changed",
      "conditions": {
        "items": [
          {
            "items": "minecraft:archer_pottery_sherd"
          }
        ]
      }
    },
    "arms_up_pottery_sherd": {
      "trigger": "minecraft:inventory_changed",
      "conditions": {
        "items": [
          {
            "items": "minecraft:arms_up_pottery_sherd"
          }
        ]
      }
    },
    "blade_pottery_sherd": {
      "trigger": "minecraft:inventory_changed",
      "conditions": {
        "items": [
          {
            "items": "minecraft:blade_pottery_sherd"
          }
        ]
      }
    },
    "brewer_pottery_sherd": {
      "trigger": "minecraft:inventory_changed",
      "conditions": {
        "items": [
          {
            "items": "minecraft:brewer_pottery_sherd"
          }
        ]
      }
    },
    "burn_pottery_sherd": {
      "trigger": "minecraft:inventory_changed",
      "conditions": {
        "items": [
          {
            "items": "minecraft:burn_pottery_sherd"
          }
        ]
      }
    },
    "danger_pottery_sherd": {
      "trigger": "minecraft:inventory_changed",
      "conditions": {
        "items": [
          {
            "items": "minecraft:danger_pottery_sherd"
          }
        ]
      }
    },
    "explorer_pottery_sherd": {
      "trigger": "minecraft:inventory_changed",
      "conditions": {
        "items": [
          {
            "items": "minecraft:explorer_pottery_sherd"
          }
        ]
      }
    },
    "friend_pottery_sherd": {
      "trigger": "minecraft:inventory_changed",
      "conditions": {
        "items": [
          {
            "items": "minecraft:friend_pottery_sherd"
          }
        ]
      }
    },
    "heart_pottery_sherd": {
      "trigger": "minecraft:inventory_changed",
      "conditions": {
        "items": [
          {
            "items": "minecraft:heart_pottery_sherd"
          }
        ]
      }
    },
    "heartbreak_pottery_sherd": {
      "trigger": "minecraft:inventory_changed",
      "conditions": {
        "items": [
          {
            "items": "minecraft:heartbreak_pottery_sherd"
          }
        ]
      }
    },
    "howl_pottery_sherd": {
      "trigger": "minecraft:inventory_changed",
      "conditions": {
        "items": [
          {
            "items": "minecraft:howl_pottery_sherd"
          }
        ]
      }
    },
    "miner_pottery_sherd": {
      "trigger": "minecraft:inventory_changed",
      "conditions": {
        "items": [
          {
            "items": "minecraft:miner_pottery_sherd"
          }
        ]
      }
    },
    "mourner_pottery_sherd": {
      "trigger": "minecraft:inventory_changed",
      "conditions": {
        "items": [
          {
            "items": "minecraft:mourner_pottery_sherd"
          }
        ]
      }
    },
    "plenty_pottery_sherd": {
      "trigger": "minecraft:inventory_changed",
      "conditions": {
        "items": [
          {
            "items": "minecraft:plenty_pottery_sherd"
          }
        ]
      }
    },
    "prize_pottery_sherd": {
      "trigger": "minecraft:inventory_changed",
      "conditions": {
        "items": [
          {
            "items": "minecraft:prize_pottery_sherd"
          }
        ]
      }
    },
    "sheaf_pottery_sherd": {
      "trigger": "minecraft:inventory_changed",
      "conditions": {
        "items": [
          {
            "items": "minecraft:sheaf_pottery_sherd"
          }
        ]
      }
    },
    "shelter_pottery_sherd": {
      "trigger": "minecraft:inventory_changed",
      "conditions": {
        "items": [
          {
            "items": "minecraft:shelter_pottery_sherd"
          }
        ]
      }
    },
    "skull_pottery_sherd": {
      "trigger": "minecraft:inventory_changed",
      "conditions": {
        "items": [
          {
            "items": "minecraft:skull_pottery_sherd"
          }
        ]
      }
    },
    "snort_pottery_sherd": {
      "trigger": "minecraft:inventory_changed",
      "conditions": {
        "items": [
          {
            "items": "minecraft:snort_pottery_sherd"
          }
        ]
      }
    },
    "has_host_armor_trim_smithing_template": {
      "trigger": "minecraft:inventory_changed",
      "conditions": {
        "items": [
          {
            "items": "minecraft:host_armor_trim_smithing_template"
          }
        ]
      }
    },
    "has_raiser_armor_trim_smithing_template": {
      "trigger": "minecraft:inventory_changed",
      "conditions": {
        "items": [
          {
            "items": "minecraft:raiser_armor_trim_smithing_template"
          }
        ]
      }
    },
    "has_shaper_armor_trim_smithing_template": {
      "trigger": "minecraft:inventory_changed",
      "conditions": {
        "items": [
          {
            "items": "minecraft:shaper_armor_trim_smithing_template"
          }
        ]
      }
    },
    "has_wayfinder_armor_trim_smithing_template": {
      "trigger": "minecraft:inventory_changed",
      "conditions": {
        "items": [
          {
            "items": "minecraft:wayfinder_armor_trim_smithing_template"
          }
        ]
      }
    },
    "has_music_disc_relic": {
      "trigger": "minecraft:inventory_changed",
      "conditions": {
        "items": [
          {
            "items": "minecraft:music_disc_relic"
          }
        ]
      }
    }
  }
}