{
  "parent": "skyblock:progression/wandering_trader",
  "display": {
    "icon": {
      "id": "minecraft:jungle_sapling"
    },
    "title": {
      "translate": "Arborist"
    },
    "description": {
      "translate": "Buy all saplings from the Wandering Trader"
    },
    "frame": "goal"
  },
  "criteria": {
    "oak": {
      "trigger": "minecraft:inventory_changed",
      "conditions": {
        "items": [
          {
            "items": [
              "minecraft:oak_sapling"
            ]
          }
        ]
      }
    },
    "spruce": {
      "trigger": "minecraft:inventory_changed",
      "conditions": {
        "items": [
          {
            "items": [
              "minecraft:spruce_sapling"
            ]
          }
        ]
      }
    },
    "birch": {
      "trigger": "minecraft:inventory_changed",
      "conditions": {
        "items": [
          {
            "items": [
              "minecraft:birch_sapling"
            ]
          }
        ]
      }
    },
    "jungle": {
      "trigger": "minecraft:inventory_changed",
      "conditions": {
        "items": [
          {
            "items": [
              "minecraft:jungle_sapling"
            ]
          }
        ]
      }
    },
    "cherry": {
      "trigger": "minecraft:inventory_changed",
      "conditions": {
        "items": [
          {
            "items": [
              "minecraft:cherry_sapling"
            ]
          }
        ]
      }
    },
    "acacia": {
      "trigger": "minecraft:inventory_changed",
      "conditions": {
        "items": [
          {
            "items": [
              "minecraft:acacia_sapling"
            ]
          }
        ]
      }
    },
    "dark_oak": {
      "trigger": "minecraft:inventory_changed",
      "conditions": {
        "items": [
          {
            "items": [
              "minecraft:dark_oak_sapling"
            ]
          }
        ]
      }
    },
    "mangrove": {
      "trigger": "minecraft:inventory_changed",
      "conditions": {
        "items": [
          {
            "items": [
              "minecraft:mangrove_propagule"
            ]
          }
        ]
      }
    }
  }
}