{
  "parent": "skyblock:progression/all_saplings",
  "display": {
    "icon": {
      "id": "minecraft:tube_coral_block"
    },
    "title": {
      "translate": "Day Trader"
    },
    "description": {
      "translate": "Buy all items exclusively available from the Wandering Trader"
    },
    "frame": "challenge"
  },
  "criteria": {
    "has_beetroot": {
      "trigger": "minecraft:inventory_changed",
      "conditions": {
        "items": [
          {
            "items": [
              "minecraft:beetroot_seeds"
            ]
          }
        ]
      }
    },
    "has_pumpkin": {
      "trigger": "minecraft:inventory_changed",
      "conditions": {
        "items": [
          {
            "items": [
              "minecraft:pumpkin",
              "minecraft:pumpkin_seeds"
            ]
          }
        ]
      }
    },
    "has_melon": {
      "trigger": "minecraft:inventory_changed",
      "conditions": {
        "items": [
          {
            "items": [
              "minecraft:melon_seeds"
            ]
          }
        ]
      }
    },
    "has_sugar_cane": {
      "trigger": "minecraft:inventory_changed",
      "conditions": {
        "items": [
          {
            "items": [
              "minecraft:sugar_cane"
            ]
          }
        ]
      }
    },
    "has_small_dripleaf": {
      "trigger": "minecraft:inventory_changed",
      "conditions": {
        "items": [
          {
            "items": [
              "minecraft:small_dripleaf"
            ]
          }
        ]
      }
    },
    "has_pointed_dripstone": {
      "trigger": "minecraft:inventory_changed",
      "conditions": {
        "items": [
          {
            "items": [
              "minecraft:pointed_dripstone"
            ]
          }
        ]
      }
    },
    "has_moss_block": {
      "trigger": "minecraft:inventory_changed",
      "conditions": {
        "items": [
          {
            "items": [
              "minecraft:moss_block"
            ]
          }
        ]
      }
    },
    "has_sea_pickle": {
      "trigger": "minecraft:inventory_changed",
      "conditions": {
        "items": [
          {
            "items": [
              "minecraft:sea_pickle"
            ]
          }
        ]
      }
    },
    "has_kelp": {
      "trigger": "minecraft:inventory_changed",
      "conditions": {
        "items": [
          {
            "items": [
              "minecraft:kelp"
            ]
          }
        ]
      }
    },
    "has_cactus": {
      "trigger": "minecraft:inventory_changed",
      "conditions": {
        "items": [
          {
            "items": [
              "minecraft:cactus"
            ]
          }
        ]
      }
    },
    "has_tube_coral_block": {
      "trigger": "minecraft:inventory_changed",
      "conditions": {
        "items": [
          {
            "items": [
              "minecraft:tube_coral_block"
            ]
          }
        ]
      }
    },
    "has_brain_coral_block": {
      "trigger": "minecraft:inventory_changed",
      "conditions": {
        "items": [
          {
            "items": [
              "minecraft:brain_coral_block"
            ]
          }
        ]
      }
    },
    "has_bubble_coral_block": {
      "trigger": "minecraft:inventory_changed",
      "conditions": {
        "items": [
          {
            "items": [
              "minecraft:bubble_coral_block"
            ]
          }
        ]
      }
    },
    "has_fire_coral_block": {
      "trigger": "minecraft:inventory_changed",
      "conditions": {
        "items": [
          {
            "items": [
              "minecraft:fire_coral_block"
            ]
          }
        ]
      }
    },
    "has_horn_coral_block": {
      "trigger": "minecraft:inventory_changed",
      "conditions": {
        "items": [
          {
            "items": [
              "minecraft:horn_coral_block"
            ]
          }
        ]
      }
    },
    "has_oak_sapling": {
      "trigger": "minecraft:inventory_changed",
      "conditions": {
        "items": [
          {
            "items": [
              "minecraft:oak_sapling"
            ]
          }
        ]
      }
    },
    "has_spruce_sapling": {
      "trigger": "minecraft:inventory_changed",
      "conditions": {
        "items": [
          {
            "items": [
              "minecraft:spruce_sapling"
            ]
          }
        ]
      }
    },
    "has_birch_sapling": {
      "trigger": "minecraft:inventory_changed",
      "conditions": {
        "items": [
          {
            "items": [
              "minecraft:birch_sapling"
            ]
          }
        ]
      }
    },
    "has_jungle_sapling": {
      "trigger": "minecraft:inventory_changed",
      "conditions": {
        "items": [
          {
            "items": [
              "minecraft:jungle_sapling"
            ]
          }
        ]
      }
    },
    "has_cherry_sapling": {
      "trigger": "minecraft:inventory_changed",
      "conditions": {
        "items": [
          {
            "items": [
              "minecraft:cherry_sapling"
            ]
          }
        ]
      }
    },
    "has_pink_petals": {
      "trigger": "minecraft:inventory_changed",
      "conditions": {
        "items": [
          {
            "items": [
              "minecraft:pink_petals"
            ]
          }
        ]
      }
    },
    "has_acacia_sapling": {
      "trigger": "minecraft:inventory_changed",
      "conditions": {
        "items": [
          {
            "items": [
              "minecraft:acacia_sapling"
            ]
          }
        ]
      }
    },
    "has_dark_oak_sapling": {
      "trigger": "minecraft:inventory_changed",
      "conditions": {
        "items": [
          {
            "items": [
              "minecraft:dark_oak_sapling"
            ]
          }
        ]
      }
    },
    "has_mangrove_propagule": {
      "trigger": "minecraft:inventory_changed",
      "conditions": {
        "items": [
          {
            "items": [
              "minecraft:mangrove_propagule"
            ]
          }
        ]
      }
    },
    "has_rose_bush": {
      "trigger": "minecraft:inventory_changed",
      "conditions": {
        "items": [
          {
            "items": [
              "minecraft:rose_bush"
            ]
          }
        ]
      }
    },
    "has_sunflower": {
      "trigger": "minecraft:inventory_changed",
      "conditions": {
        "items": [
          {
            "items": [
              "minecraft:sunflower"
            ]
          }
        ]
      }
    },
    "has_lilac": {
      "trigger": "minecraft:inventory_changed",
      "conditions": {
        "items": [
          {
            "items": [
              "minecraft:lilac"
            ]
          }
        ]
      }
    },
    "has_peony": {
      "trigger": "minecraft:inventory_changed",
      "conditions": {
        "items": [
          {
            "items": [
              "minecraft:peony"
            ]
          }
        ]
      }
    },
    "has_fern": {
      "trigger": "minecraft:inventory_changed",
      "conditions": {
        "items": [
          {
            "items": [
              "minecraft:fern"
            ]
          }
        ]
      }
    }
  }
}