{
  "parent": "skyblock:progression/the_nether",
  "display": {
    "icon": {
      "id": "minecraft:coal"
    },
    "title": {
      "translate": "Fossil Fuel"
    },
    "description": {
      "translate": "Kill a Wither Skeleton for Coal"
    }
  },
  "criteria": {
    "has_coal": {
      "trigger": "minecraft:inventory_changed",
      "conditions": {
        "items": [
          {
            "items": [
              "minecraft:coal"
            ]
          }
        ]
      }
    }
  }
}