{
  "parent": "skyblock:progression/coal",
  "display": {
    "icon": {
      "id": "minecraft:diamond"
    },
    "title": {
      "translate": "Synthetic Diamonds!"
    },
    "description": {
      "translate": "Compress a stack of Coal Blocks with... what else? A Falling Anvil"
    },
    "frame": "goal"
  },
  "criteria": {
    "has_diamond": {
      "trigger": "minecraft:inventory_changed",
      "conditions": {
        "items": [
          {
            "items": [
              "minecraft:diamond"
            ]
          }
        ]
      }
    }
  }
}