{
  "parent": "skyblock:progression/kill_shulker",
  "display": {
    "icon": {
      "id": "minecraft:elytra"
    },
    "title": {
      "translate": "High and Mitey"
    },
    "description": {
      "translate": "Get a pair of Elytra from a flying Endermite"
    },
    "frame": "challenge"
  },
  "criteria": {
    "has_elytra": {
      "trigger": "minecraft:inventory_changed",
      "conditions": {
        "items": [
          {
            "items": [
              "minecraft:elytra"
            ]
          }
        ]
      }
    }
  }
}