{
  "parent": "skyblock:progression/emerald",
  "display": {
    "icon": {
      "id": "minecraft:enchanted_golden_apple"
    },
    "title": {
      "translate": "Hello Kitty"
    },
    "description": {
      "translate": "Receive an Enchanted Golden Apple from a Cat in the morning"
    },
    "frame": "challenge"
  },
  "criteria": {
    "has_enchanted_golden_apple": {
      "trigger": "minecraft:inventory_changed",
      "conditions": {
        "items": [
          {
            "items": [
              "minecraft:enchanted_golden_apple"
            ]
          }
        ]
      }
    }
  }
}