{
  "parent": "skyblock:progression/kill_witch",
  "display": {
    "icon": {
      "id": "minecraft:glowstone"
    },
    "title": {
      "translate": "And Then There Was Light"
    },
    "description": {
      "translate": "Craft some Glowstone for lighting"
    }
  },
  "criteria": {
    "has_glowstone": {
      "trigger": "minecraft:inventory_changed",
      "conditions": {
        "items": [
          {
            "items": [
              "minecraft:glowstone"
            ]
          }
        ]
      }
    }
  }
}