{
  "parent": "skyblock:progression/kill_drowned",
  "display": {
    "icon": {
      "id": "minecraft:lightning_rod"
    },
    "title": {
      "translate": "Storm Tamer"
    },
    "description": {
      "translate": "Craft a Lightning Rod to help in converting Pigs"
    }
  },
  "criteria": {
    "has_lightning_rod": {
      "trigger": "minecraft:inventory_changed",
      "conditions": {
        "items": [
          {
            "items": [
              "minecraft:lightning_rod"
            ]
          }
        ]
      }
    }
  }
}