{
  "parent": "skyblock:progression/spread_coral",
  "display": {
    "icon": {
      "id": "minecraft:brain_coral_block"
    },
    "title": {
      "translate": "Coral Utopia"
    },
    "description": {
      "translate": "Place Calcite where Corals would flourish"
    },
    "frame": "challenge"
  },
  "criteria": {
    "high_suitability": {
      "trigger": "minecraft:placed_block",
      "conditions": {
        "location": [
          {
            "condition": "minecraft:block_state_property",
            "block": "minecraft:calcite"
          },
          {
            "condition": "carpetskyadditions:location_check",
            "predicate": {
              "coral_suitability": {
                "min": 0.99
              }
            }
          }
        ]
      }
    }
  }
}