{
  "parent": "skyblock:progression/music_disc_pigstep",
  "display": {
    "icon": {
      "id": "minecraft:music_disc_otherside"
    },
    "title": {
      "translate": "Otherworldy Sounds"
    },
    "description": {
      "translate": "Get Otherside when a Skeleton kills a Creeper in a Stronghold"
    },
    "frame": "goal"
  },
  "criteria": {
    "has_music_disk_otherside": {
      "trigger": "minecraft:inventory_changed",
      "conditions": {
        "items": [
          {
            "items": [
              "minecraft:music_disc_otherside"
            ]
          }
        ]
      }
    }
  }
}