{
  "parent": "skyblock:progression/the_nether",
  "display": {
    "icon": {
      "id": "minecraft:netherrack"
    },
    "title": {
      "translate": "Mirackulous Appearance"
    },
    "description": {
      "translate": "Mine some Netherrack that generates with floating nether portals"
    }
  },
  "criteria": {
    "has_netherrack": {
      "trigger": "minecraft:inventory_changed",
      "conditions": {
        "items": [
          {
            "items": [
              "minecraft:netherrack"
            ]
          }
        ]
      }
    }
  }
}