{
  "parent": "skyblock:progression/gravel",
  "display": {
    "icon": {
      "id": "minecraft:quartz"
    },
    "title": {
      "translate": "Observers and Comparators"
    },
    "description": {
      "translate": "Get Nether Quartz from Bartering"
    }
  },
  "criteria": {
    "has_quartz": {
      "trigger": "minecraft:inventory_changed",
      "conditions": {
        "items": [
          {
            "items": [
              "minecraft:quartz"
            ]
          }
        ]
      }
    }
  }
}