{
  "parent": "skyblock:progression/water_bucket",
  "display": {
    "icon": {
      "id": "minecraft:sand"
    },
    "title": {
      "translate": "It Gets Everywhere"
    },
    "description": {
      "translate": "Erode Dead Coral into Sand by letting Water flow out of it"
    }
  },
  "criteria": {
    "has_sand": {
      "trigger": "minecraft:inventory_changed",
      "conditions": {
        "items": [
          {
            "items": [
              "minecraft:sand",
              "minecraft:red_sand"
            ]
          }
        ]
      }
    }
  }
}