{
  "display": {
    "icon": {
      "id": "minecraft:golden_shovel",
      "components": {
        "minecraft:enchantments": {
          "minecraft:silk_touch": 0
        }
      }
    },
    "title": {
      "translate": "Easier than Endermen"
    },
    "description": {
      "translate": "Get a Silk Touch tool so you can move Grass Blocks easier"
    },
    "frame": "goal"
  },
  "parent": "skyblock:progression/kill_zombie",
  "criteria": {
    "has_silk_touch_tool": {
      "trigger": "minecraft:inventory_changed",
      "conditions": {
        "items": [
          {
            "predicates": {
              "minecraft:enchantments": [
                {
                  "enchantments": "minecraft:silk_touch",
                  "levels": {
                    "min": 1
                  }
                }
              ]
            }
          }
        ]
      }
    }
  }
}