{
  "display": {
    "icon": {
      "id": "minecraft:netherite_leggings",
      "components": {
        "minecraft:enchantments": {
          "minecraft:swift_sneak": 3
        }
      }
    },
    "title": {
      "translate": "Silent but Deadly"
    },
    "description": {
      "translate": "Enchant Leggings with Swift Sneak"
    },
    "frame": "challenge"
  },
  "parent": "skyblock:progression/diamond",
  "criteria": {
    "has_swift_sneak": {
      "trigger": "minecraft:inventory_changed",
      "conditions": {
        "items": [
          {
            "predicates": {
              "minecraft:enchantments": [
                {
                  "enchantments": "minecraft:swift_sneak",
                  "levels": {
                    "min": 1
                  }
                }
              ]
            }
          }
        ]
      }
    }
  }
}