{
  "parent": "skyblock:progression/cure_zombie_villager",
  "display": {
    "icon": {
      "id": "minecraft:white_banner",
      "components": {
        "minecraft:banner_patterns": [
          {
            "color": "cyan",
            "pattern": "rhombus"
          },
          {
            "color": "light_gray",
            "pattern": "stripe_bottom"
          },
          {
            "color": "gray",
            "pattern": "stripe_center"
          },
          {
            "color": "light_gray",
            "pattern": "border"
          },
          {
            "color": "black",
            "pattern": "stripe_middle"
          },
          {
            "color": "light_gray",
            "pattern": "half_horizontal"
          },
          {
            "color": "light_gray",
            "pattern": "circle"
          },
          {
            "color": "black",
            "pattern": "border"
          }
        ]
      }
    },
    "title": {
      "translate": "Big Hero 6"
    },
    "description": {
      "translate": "Obtain the Hero of the Village effect by defeating a raid"
    }
  },
  "criteria": {
    "hero_of_the_village": {
      "trigger": "minecraft:hero_of_the_village"
    }
  }
}
