{
  "parent": "skyblock:progression/bone_meal",
  "display": {
    "icon": {
      "id": "minecraft:wheat"
    },
    "title": {
      "translate": "Animal Feed"
    },
    "description": {
      "translate": "Start a Wheat farm"
    }
  },
  "criteria": {
    "has_wheat": {
      "trigger": "minecraft:inventory_changed",
      "conditions": {
        "items": [
          {
            "items": [
              "minecraft:wheat"
            ]
          }
        ]
      }
    }
  }
}