{
  "type": "minecraft:entity",
  "pools": [
    {
      "rolls": 1,
      "bonus_rolls": 0,
      "entries": [
        {
          "type": "minecraft:item",
          "name": "minecraft:breeze_rod",
          "functions": [
            {
              "function": "minecraft:set_count",
              "count": {
                "type": "minecraft:uniform",
                "min": 1,
                "max": 2
              },
              "add": false
            },
            {
              "function": "minecraft:enchanted_count_increase",
              "enchantment": "minecraft:looting",
              "count": {
                "type": "minecraft:uniform",
                "min": 1,
                "max": 2
              }
            }
          ]
        }
      ],
      "conditions": [
        {
          "condition": "minecraft:killed_by_player"
        }
      ]
    },
    {
      "rolls": 1,
      "entries": [
        {
          "type": "minecraft:item",
          "name": "minecraft:flow_pottery_sherd",
          "weight": 10,
          "conditions": [
            {
              "condition": "minecraft:killed_by_player"
            },
            {
              "condition": "minecraft:location_check",
              "predicate": {
                "structures": "minecraft:trial_chambers"
              }
            },
            {
              "condition": "minecraft:random_chance_with_enchanted_bonus",
              "enchantment": "minecraft:looting",
              "unenchanted_chance": 0.11,
              "enchanted_chance": {
                "type": "minecraft:linear",
                "base": 0.13,
                "per_level_above_first": 0.02
              }
            }
          ]
        },
        {
          "type": "minecraft:item",
          "name": "minecraft:guster_pottery_sherd",
          "weight": 10,
          "conditions": [
            {
              "condition": "minecraft:killed_by_player"
            },
            {
              "condition": "minecraft:location_check",
              "predicate": {
                "structures": "minecraft:trial_chambers"
              }
            },
            {
              "condition": "minecraft:random_chance_with_enchanted_bonus",
              "enchantment": "minecraft:looting",
              "unenchanted_chance": 0.11,
              "enchanted_chance": {
                "type": "minecraft:linear",
                "base": 0.13,
                "per_level_above_first": 0.02
              }
            }
          ]
        },
        {
          "type": "minecraft:item",
          "name": "minecraft:scrape_pottery_sherd",
          "weight": 10,
          "conditions": [
            {
              "condition": "minecraft:killed_by_player"
            },
            {
              "condition": "minecraft:location_check",
              "predicate": {
                "structures": "minecraft:trial_chambers"
              }
            },
            {
              "condition": "minecraft:random_chance_with_enchanted_bonus",
              "enchantment": "minecraft:looting",
              "unenchanted_chance": 0.11,
              "enchanted_chance": {
                "type": "minecraft:linear",
                "base": 0.13,
                "per_level_above_first": 0.02
              }
            }
          ]
        }
      ]
    }
  ],
  "random_sequence": "minecraft:entities/breeze"
}
