{
  "type": "minecraft:entity",
  "pools": [
    {
      "rolls": 1,
      "entries": [
        {
          "type": "minecraft:item",
          "name": "minecraft:ender_pearl",
          "functions": [
            {
              "function": "minecraft:set_count",
              "count": {
                "min": 0,
                "max": 1
              }
            },
            {
              "function": "minecraft:enchant_with_levels",
              "levels": {
                "min": 0,
                "max": 1
              },
              "options": "minecraft:looting"
            }
          ]
        }
      ]
    },
    {
      "rolls": 1,
      "entries": [
        {
          "type": "minecraft:alternatives",
          "children": [
            {
              "type": "minecraft:item",
              "name": "minecraft:large_fern",
              "conditions": [
                {
                  "condition": "minecraft:entity_properties",
                  "entity": "this",
                  "predicate": {
                    "nbt": "{carriedBlockState:{Name:\"minecraft:large_fern\"}}"
                  }
                }
              ]
            },
            {
              "type": "minecraft:item",
              "name": "minecraft:tall_grass",
              "conditions": [
                {
                  "condition": "minecraft:entity_properties",
                  "entity": "this",
                  "predicate": {
                    "nbt": "{carriedBlockState:{\"Name\":\"minecraft:tall_grass\"}}"
                  }
                }
              ]
            }
          ]
        }
      ]
    }
  ],
  "random_sequence": "minecraft:entities/enderman"
}