{
  "type": "minecraft:entity",
  "pools": [
    {
      "rolls": 1,
      "entries": [
        {
          "type": "minecraft:item",
          "name": "minecraft:ancient_debris",
          "conditions": [
            {
              "condition": "minecraft:killed_by_player"
            },
            {
              "condition": "minecraft:random_chance_with_enchanted_bonus",
              "enchantment": "minecraft:looting",
              "unenchanted_chance": 0.5,
              "enchanted_chance": {
                "type": "minecraft:linear",
                "base": 0.6,
                "per_level_above_first": 0.1
              }
            }
          ]
        }
      ]
    }
  ],
  "random_sequence": "minecraft:entities/piglin_brute"
}
