{
  "type": "minecraft:gift",
  "pools": [
    {
      "rolls": 1,
      "bonus_rolls": 0,
      "entries": [
        {
          "type": "minecraft:item",
          "name": "minecraft:stone_pickaxe"
        },
        {
          "type": "minecraft:item",
          "name": "minecraft:stone_axe"
        },
        {
          "type": "minecraft:item",
          "name": "minecraft:stone_hoe"
        },
        {
          "type": "minecraft:item",
          "name": "minecraft:stone_shovel"
        },
        {
          "type": "minecraft:item",
          "name": "minecraft:lava_bucket"
        }
      ]
    }
  ],
  "random_sequence": "minecraft:gameplay/hero_of_the_village/toolsmith_gift"
}
