{
  "type": "minecraft:block",
  "pools": [
    {
      "rolls": 1,
      "entries": [
        {
          "type": "minecraft:loot_table",
          "value": "minecraft:archaeology/desert_pyramid",
          "conditions": [
            {
              "condition": "minecraft:location_check",
              "predicate": {
                "structures": "minecraft:desert_pyramid"
              }
            },
            {
              "condition": "minecraft:random_chance",
              "chance": 0.8
            }
          ]
        },
        {
          "type": "minecraft:loot_table",
          "value": "minecraft:archaeology/desert_well",
          "conditions": [
            {
              "condition": "minecraft:location_check",
              "predicate": {
                "structures": "minecraft:desert_pyramid"
              }
            },
            {
              "condition": "minecraft:random_chance",
              "chance": 0.2
            }
          ]
        }
      ]
    },
    {
      "rolls": 1,
      "entries": [
        {
          "type": "minecraft:loot_table",
          "value": "minecraft:archaeology/ocean_ruin_warm"
        }
      ],
      "conditions": [
        {
          "condition": "minecraft:location_check",
          "predicate": {
            "structures": "minecraft:ocean_ruin_warm"
          }
        }
      ]
    }
  ],
  "random_sequence": "minecraft:blocks/suspicious_sand"
}