{
  "parent": "minecraft:recipes/root",
  "criteria": {
    "has_redstone": {
      "trigger": "minecraft:inventory_changed",
      "conditions": {
        "items": [
          {
            "items": "minecraft:redstone_block"
          }
        ]
      }
    },
    "has_the_recipe": {
      "trigger": "minecraft:recipe_unlocked",
      "conditions": {
        "recipe": "skyblock:deepslate_redstone_ore"
      }
    }
  },
  "requirements": [
    [
      "has_redstone",
      "has_the_recipe"
    ]
  ],
  "rewards": {
    "recipes": [
      "skyblock:deepslate_redstone_ore"
    ]
  },
  "sends_telemetry_event": false
}