{
  "parent": "minecraft:recipes/root",
  "criteria": {
    "has_lapis": {
      "trigger": "minecraft:inventory_changed",
      "conditions": {
        "items": [
          {
            "items": "minecraft:lapis_block"
          }
        ]
      }
    },
    "has_the_recipe": {
      "trigger": "minecraft:recipe_unlocked",
      "conditions": {
        "recipe": "skyblock:deepslate_lapis_ore"
      }
    }
  },
  "requirements": [
    [
      "has_lapis",
      "has_the_recipe"
    ]
  ],
  "rewards": {
    "recipes": [
      "skyblock:deepslate_lapis_ore"
    ]
  },
  "sends_telemetry_event": false
}
