{
  "parent": "minecraft:recipes/root",
  "criteria": {
    "has_netherite_ingot": {
      "trigger": "minecraft:inventory_changed",
      "conditions": {
        "items": [
          {
            "items": "minecraft:netherite_ingot"
          }
        ]
      }
    },
    "has_the_recipe": {
      "trigger": "minecraft:recipe_unlocked",
      "conditions": {
        "recipe": "skyblock:netherite_upgrade_smithing_template_from_netherite"
      }
    }
  },
  "requirements": [
    [
      "has_netherite_ingot",
      "has_the_recipe"
    ]
  ],
  "rewards": {
    "recipes": [
      "skyblock:netherite_upgrade_smithing_template_from_netherite"
    ]
  },
  "sends_telemetry_event": false
}
